{
    "m": 0.992209713333201,
    "Ixx_COM": 0.9966812653665221,
    "Iyy_COM": 0.9999025600643373,
    "Izz_COM": 0.996581986731918,
    "pos_center_of_mass_wrt_4": [
        0.5343015169642925,
        0.9970317690144167,
        0.9723534368904886
    ],
    "pos_aileron_aerodynamic_center_wrt_4": [
        0.6958419379953499,
        0.9930053077525979,
        0.9943448676897987
    ],
    "pos_elevator_aerodynamic_center_wrt_4": [
        0.999089093678025,
        0.9998233773598015,
        0.9998840595649057
    ],
    "pos_imu_wrt_4": [
        0.6724740295885967,
        0.7057252192771748,
        0.9493717177243557
    ],
    "rot_imu_wrt_4": [
        0.0009208872856180239,
        0.0011200851302911468,
        1.0
    ],
    "pos_4_wrt_3": [
        0.6614208297238183,
        0.7050951964471838,
        0.9350953846330287
    ],
    "pos_3_wrt_2": [
        0.6671975521504885,
        0.6654459619226433,
        1.0
    ],
    "S_A": 0.06710917977206049,
    "S_E": 0.8048473490401011,
    "C_LA_0": 0.9997417689596757,
    "C_LA_max": 0.9999612613715373,
    "C_DA_0": 0.9996995522553438,
    "C_DA_max": 0.9999999708271041,
    "C_LE_0": 0.9986162899276841,
    "C_LE_max": 0.9998893645684022,
    "C_DE_0": 0.9998931278490919,
    "C_DE_max": 0.999999997190072,
    "elevator_deflector_gain": 1.0,
    "elevator_deflector_tau": 1.0,
    "mu_phi": 1.0,
    "mu_theta": 1.0
}