{
    "m": 1.4067519795256527,
    "Ixx_COM": 0.20282602759951285,
    "Iyy_COM": 0.009325403311754908,
    "Izz_COM": 0.27121210092669534,
    "pos_center_of_mass_wrt_4": [
        -0.14572711189042414,
        -0.5393530468562566,
        -0.01776166170087179
    ],
    "pos_aileron_aerodynamic_center_wrt_4": [
        0.00014901982634673945,
        0.695376409786787,
        -0.10693372285480579
    ],
    "pos_elevator_aerodynamic_center_wrt_4": [
        0.1075888698246846,
        -0.06071775547797893,
        -0.25656450483355553
    ],
    "pos_imu_wrt_4": [
        0.11630426554343888,
        0.2821079393072006,
        0.03555157473608556
    ],
    "rot_imu_wrt_4": [
        -0.12171389876198964,
        3.2234257290256942,
        0.0
    ],
    "pos_4_wrt_3": [
        0.15203832129211814,
        0.7250565006666461,
        -0.021454921536023495
    ],
    "pos_3_wrt_2": [
        0.036281773724639706,
        2.4553233977441176,
        0.0
    ],
    "S_A": 0.022399590095876297,
    "S_E": 0.21381600336543122,
    "C_LA_0": 2.4095796399696923,
    "C_LA_max": 3.8010914658769814,
    "C_DA_0": 0.27500722176785436,
    "C_DA_max": 0.3706999899071409,
    "C_LE_0": 0.465804950539019,
    "C_LE_max": 0.9215199999233727,
    "C_DE_0": 0.37061379498449265,
    "C_DE_max": 0.046135535848065526,
    "elevator_deflector_gain": -0.06471291830268804,
    "elevator_deflector_tau": 0.19820150615053145,
    "mu_phi": 0.057774231709900224,
    "mu_theta": 0.05021631123655933
}