{
    "carousel_speed": -2.0,
    "carousel_tau": 1.0,
    "g": 9.81,
    "rho": 1.22,
    "m": 1.4,
    "Ixx_COM": 2.4854451524692656,
    "Iyy_COM": 0.3110824999283266,
    "Izz_COM": 0.09997694685666055,
    "pos_center_of_mass_wrt_4": [
        0.17782955395494174,
        -0.07331229425136787,
        0.031003435720155605
    ],
    "pos_aileron_aerodynamic_center_wrt_4": [
        -0.16095605495515206,
        0.5748857038052922,
        -0.0583377703697175
    ],
    "pos_elevator_aerodynamic_center_wrt_4": [
        -0.5102571011737272,
        -0.02546218097143131,
        -0.09596071906854495
    ],
    "pos_imu_wrt_4": [
        0.1,
        0.0,
        0.0
    ],
    "pos_4_wrt_3": [
        1.3150891713537245e-16,
        0.4999999999999998,
        7.432482593583767e-16
    ],
    "pos_3_wrt_2": [
        2.7122858480985877e-16,
        2.05,
        2.563867418807099e-28
    ],
    "S_A": 0.19999999999999862,
    "S_E": 0.08000000000000043,
    "C_LA_0": -0.008404965961173468,
    "C_LA_max": 3.0152659829557455,
    "C_DA_0": 1.0113744698911964,
    "C_DA_max": 3.0000371804540906,
    "C_LE_0": 0.002483656208120473,
    "C_LE_max": 2.991717772614977,
    "C_DE_0": 1.0044867430401052,
    "C_DE_max": 9.999998770088997,
    "AoA_stall": 0.4363323129985824,
    "elevator_deflector_gain": 15.000000290618148,
    "elevator_deflector_tau": 0.49781882116361786,
    "mu_phi": 3.0,
    "mu_theta": 3.0,
    "roll_sensor_offset": 3.141592653589793,
    "pitch_sensor_offset": 0.9265
}