{
    "m": 0.09903195873034741,
    "Ixx_COM": 0.05513327882280778,
    "Iyy_COM": 0.0003992274689271986,
    "Izz_COM": 0.09145776247900407,
    "pos_center_of_mass_wrt_4": [
        0.029458784303211142,
        0.12069605678774398,
        0.0030325404526953333
    ],
    "pos_aileron_aerodynamic_center_wrt_4": [
        0.1651047788153546,
        0.8176317007430398,
        0.1840648762225881
    ],
    "pos_elevator_aerodynamic_center_wrt_4": [
        0.20191817018134822,
        0.6106549742444303,
        0.1824485064938975
    ],
    "pos_imu_wrt_4": [
        0.04638076212370901,
        0.10670888229613723,
        0.03718250599612994
    ],
    "rot_imu_wrt_4": [
        0.0006948290836251999,
        0.010344399277168286,
        1.0
    ],
    "pos_4_wrt_3": [
        0.033623035766045625,
        0.07862280381576636,
        0.003118081957702811
    ],
    "pos_3_wrt_2": [
        0.052675897259238526,
        0.03319112177656805,
        0.09999999999999998
    ],
    "S_A": 0.002067829406030154,
    "S_E": 0.0665843588132965,
    "C_LA_0": 0.9624354286015384,
    "C_LA_max": 0.9850082595444091,
    "C_DA_0": 0.9840047506708652,
    "C_DA_max": 0.9998506198541153,
    "C_LE_0": 0.3751758129636432,
    "C_LE_max": 0.7196599825030142,
    "C_DE_0": 0.5232244397007005,
    "C_DE_max": 0.9968925015646813,
    "elevator_deflector_gain": 0.01457930223478938,
    "elevator_deflector_tau": 0.0009813653444080395,
    "mu_phi": 0.5592273305168869,
    "mu_theta": 0.014914423967161411
}