{
    "m": 1.4142327987723977,
    "Ixx_COM": 2.4941099170086143,
    "Iyy_COM": 0.3013605828591398,
    "Izz_COM": 1.004529500132246,
    "pos_center_of_mass_wrt_4": [
        0.10353686134610283,
        0.004374795674721605,
        -0.017112698090518956
    ],
    "pos_aileron_aerodynamic_center_wrt_4": [
        -0.05740857079538851,
        0.48844627527761963,
        -0.006183638137588941
    ],
    "pos_elevator_aerodynamic_center_wrt_4": [
        -0.5568172116831597,
        -0.0005686803471566735,
        -0.09896163224881825
    ],
    "pos_imu_wrt_4": [
        0.2074941749219837,
        0.2714311049400003,
        -0.13958446867379026
    ],
    "rot_imu_wrt_4": [
        -0.12401647896239178,
        3.2493251352186556,
        0.0
    ],
    "pos_4_wrt_3": [
        0.053632489057870075,
        0.7636834955451849,
        -0.12462477231652139
    ],
    "pos_3_wrt_2": [
        0.04566425048374002,
        2.32965724482802,
        0.0
    ],
    "S_A": 0.06557876608990376,
    "S_E": 0.044142422902284734,
    "C_LA_0": 2.497880042568908,
    "C_LA_max": 3.7491767729646917,
    "C_DA_0": 0.24828030434001705,
    "C_DA_max": 0.37498296174218293,
    "C_LE_0": 0.29694995807289465,
    "C_LE_max": 0.74913585461856,
    "C_DE_0": 0.028986532207430638,
    "C_DE_max": 0.07499478224401887,
    "elevator_deflector_gain": -0.2617993877991494,
    "elevator_deflector_tau": 0.2,
    "mu_phi": 0.01,
    "mu_theta": 0.15
}